species_folder,scientific_name,common_name
abalistes_stellatus,Abalistes stellatus,Starry Triggerfish
ablennes_hians,Ablennes hians,Flat Needlefish
abudefduf_bengalensis,Abudefduf bengalensis,Bengal Sergeant
abudefduf_septemfasciatus,Abudefduf septemfasciatus,Banded Sergeant
abudefduf_sordidus,Abudefduf sordidus,Blackspot Sergeant
abudefduf_vaigiensis,Abudefduf vaigiensis,Indo-Pacific Sergeant Major
acanthocybium_solandri,Acanthocybium solandri,Wahoo
acanthopagrus_berda,Acanthopagrus berda,Goldsilk Seabream
acanthopagrus_datnia,Acanthopagrus datnia,Bengal Yellowfin Seabream
acanthurus_bariene,Acanthurus bariene,Eyespot Surgeonfish
acanthurus_blochii,Acanthurus blochii,Dark Surgeonfish
acanthurus_dussumieri,Acanthurus dussumieri,Eyestripe Surgeonfish
acanthurus_leucocheilus,Acanthurus leucocheilus,White-spine Surgeonfish
acanthurus_leucosternon,Acanthurus leucosternon,Powder Blue Tang
acanthurus_lineatus,Acanthurus lineatus,Striped Surgeonfish
acanthurus_mata,Acanthurus mata,Yellowmask Surgeonfish
acanthurus_nigricauda,Acanthurus nigricauda,Eyeline Surgeonfish
acanthurus_tennentii,Acanthurus tennentii,Lieutenant Surgeonfish
acanthurus_thompsoni,Acanthurus thompsoni,Whitetail Surgeonfish
acanthurus_triostegus,Acanthurus triostegus,Convict Surgeonfish
acanthurus_tristis,Acanthurus tristis,Mimic Surgeonfish
acanthurus_xanthopterus,Acanthurus xanthopterus,Yellowfin Surgeonfish
acentrogobius_viridipunctatus,Acentrogobius viridipunctatus,Greenspotted Goby
aethaloperca_rogaa,Aethaloperca rogaa,Redmouth Grouper
alectis_ciliaris,Alectis ciliaris,African Pompano
alepes_kleinii,Alepes kleinii,Razorbelly Trevally
alepes_vari,Alepes vari,Herring Scad
aluterus_monoceros,Aluterus monoceros,Unicorn Leatherjacket
aluterus_scriptus,Aluterus scriptus,Scrawled Filefish
ambassis_ambassis,Ambassis ambassis,Commerson's Glassy
amblyeleotris_periophthalmus,Amblyeleotris periophthalmus,Broad-banded Shrimpgoby
amblyeleotris_wheeleri,Amblyeleotris wheeleri,Gorgeous Shrimpgoby
amblygobius_semicinctus,Amblygobius semicinctus,Unknown
amphiprion_clarkii,Amphiprion clarkii,Clark's Anemonefish
amphiprion_nigripes,Amphiprion nigripes,Blackfin Anemonefish
anampses_meleagrides,Anampses meleagrides,Yellowtail Wrasse
anyperodon_leucogrammicus,Anyperodon leucogrammicus,Slender Grouper
aphareus_furca,Aphareus furca,Smalltooth Jobfish
apolemichthys_trimaculatus,Apolemichthys trimaculatus,Threespot Angelfish
apolemichthys_xanthurus,Apolemichthys xanthurus,Yellowtail Angelfish
aprion_virescens,Aprion virescens,Green Jobfish
arius_arius,Arius arius,Threadfin Sea Catfish
arothron_hispidus,Arothron hispidus,White-spotted Puffer
arothron_immaculatus,Arothron immaculatus,Yellow-eyed Puffer
arothron_meleagris,Arothron meleagris,Guineafowl Puffer
arothron_nigropunctatus,Arothron nigropunctatus,Blackspotted Puffer
arothron_reticularis,Arothron reticularis,Reticulated Puffer
arothron_stellatus,Arothron stellatus,Starry Puffer
aspidontus_taeniatus,Aspidontus taeniatus,False Cleanerfish
atractosteus_spatula,Atractosteus spatula,Alligator Gar
atropus_armatus,Atropus armatus,Longfin Trevally
atropus_hedlandensis,Atropus hedlandensis,Port Hedland Trevally
atule_mate,Atule mate,Barred Yellowtail Scad
aulostomus_chinensis,Aulostomus chinensis,Pacific Trumpetfish
auxis_rochei,Auxis rochei,Bullet Tuna
auxis_thazard,Auxis thazard,Frigate Tuna
awaous_melanocephalus,Awaous melanocephalus,Largesnout Goby
awaous_ocellaris,Awaous ocellaris,Spotfin River Goby
balistapus_undulatus,Balistapus undulatus,Orangestripe Triggerfish
balistoides_conspicillum,Balistoides conspicillum,Clown Triggerfish
balistoides_viridescens,Balistoides viridescens,Titan Triggerfish
bathygobius_cocosensis,Bathygobius cocosensis,Cocos Frillgoby
bathygobius_fuscus,Bathygobius fuscus,Dusky Frillgoby
bathygobius_meggitti,Bathygobius meggitti,Meggitt's Frillgoby
blenniella_chrysospilos,Blenniella chrysospilos,Redspotted Rockskipper
bodianus_axillaris,Bodianus axillaris,Axilspot Hogfish
bodianus_diana,Bodianus diana,Diana's Hogfish
boleophthalmus,Boleophthalmus,Blue-spotted Mudskippers
boleophthalmus_boddarti,Boleophthalmus boddarti,Boddart's Blue-spotted Mudskipper
boleophthalmus_dussumieri,Boleophthalmus dussumieri,Dussumier's Mudskipper
boleophthalmus_pectinirostris,Boleophthalmus pectinirostris,Great Blue-spotted Mudskipper
bryaninops_yongei,Bryaninops yongei,Wire Coral Goby
butis_butis,Butis butis,Crimsontip Gudgeon
caesio_cuning,Caesio cuning,Yellowtail Fusilier
caesio_lunaris,Caesio lunaris,Lunar Fusilier
caesio_varilineata,Caesio varilineata,Variable-lined Fusilier
caesio_xanthonota,Caesio xanthonota,Yellowback Fusilier
canthidermis_maculata,Canthidermis maculata,Spotted Oceanic Triggerfish
canthigaster_petersii,Canthigaster petersii,Peter's Toby
canthigaster_valentini,Canthigaster valentini,Blacksaddle Toby
caranx_heberi,Caranx heberi,Blacktip Trevally
caranx_ignobilis,Caranx ignobilis,Giant Trevally
caranx_lugubris,Caranx lugubris,Black Trevally
caranx_melampygus,Caranx melampygus,Bluefin Trevally
caranx_papuensis,Caranx papuensis,Brassy Trevally
caranx_sexfasciatus,Caranx sexfasciatus,Bigeye Trevally
centropyge_multispinis,Centropyge multispinis,Brown Pygmy Angelfish
cephalopholis_argus,Cephalopholis argus,Peacock Grouper
cephalopholis_boenak,Cephalopholis boenak,Chocolate Grouper
cephalopholis_formosa,Cephalopholis formosa,Bluelined Rockcod
cephalopholis_miniata,Cephalopholis miniata,Coral Grouper
cephalopholis_sexmaculata,Cephalopholis sexmaculata,Saddle Grouper
cephalopholis_sonnerati,Cephalopholis sonnerati,Tomato Grouper
cetoscarus_ocellatus,Cetoscarus ocellatus,Spotted Parrotfish
chaetodon_andamanensis,Chaetodon andamanensis,Andaman Butterflyfish
chaetodon_auriga,Chaetodon auriga,Threadfin Butterflyfish
chaetodon_bennetti,Chaetodon bennetti,Eclipse Butterflyfish
chaetodon_citrinellus,Chaetodon citrinellus,Speckled Butterflyfish
chaetodon_collare,Chaetodon collare,Red-tailed Butterflyfish
chaetodon_decussatus,Chaetodon decussatus,Indian Vagabond Butterflyfish
chaetodon_falcula,Chaetodon falcula,Saddleback Butterflyfish
chaetodon_guttatissimus,Chaetodon guttatissimus,Spotted Butterflyfish
chaetodon_lunula,Chaetodon lunula,Raccoon Butterflyfish
chaetodon_melannotus,Chaetodon melannotus,Blackback Butterflyfish
chaetodon_meyeri,Chaetodon meyeri,Meyer's Butterflyfish
chaetodon_octofasciatus,Chaetodon octofasciatus,Eightband Butterflyfish
chaetodon_triangulum,Chaetodon triangulum,Triangular Butterflyfish
chaetodon_trifascialis,Chaetodon trifascialis,Chevron Butterflyfish
chaetodon_trifasciatus,Chaetodon trifasciatus,Indian Redfin Butterflyfish
chaetodon_vagabundus,Chaetodon vagabundus,Vagabond Butterflyfish
chaetodon_xanthocephalus,Chaetodon xanthocephalus,Yellowhead Butterflyfish
chanos_chanos,Chanos chanos,Milkfish
cheilinus_trilobatus,Cheilinus trilobatus,Tripletail Maori Wrasse
cheilinus_undulatus,Cheilinus undulatus,Napoleon Wrasse
cheilio_inermis,Cheilio inermis,Cigar Wrasse
cheilodipterus_quinquelineatus,Cheilodipterus quinquelineatus,Fiveline Cardinalfish
chelonodon_kappa,Chelonodon kappa,Milkspot Toadfish
chelonodon_patoca,Chelonodon patoca,Bengal Reticulated Puffer
chirocentrus_dorab,Chirocentrus dorab,Dorab Wolf Herring
chlorurus_capistratoides,Chlorurus capistratoides,Pink-margined Parrotfish
chlorurus_sordidus,Chlorurus sordidus,Indian Bullethead Parrotfish
chlorurus_strongylocephalus,Chlorurus strongylocephalus,Roundhead Parrotfish
chromis,Chromis,Chromis
chromis_atripectoralis,Chromis atripectoralis,Black-axil Chromis
chromis_ternatensis,Chromis ternatensis,Ternate Chromis
chromis_viridis,Chromis viridis,Blue-green Chromis
chrysiptera_brownriggii,Chrysiptera brownriggii,Indian Surge Demoiselle
chrysiptera_glauca,Chrysiptera glauca,Grey Demoiselle
chrysiptera_unimaculata,Chrysiptera unimaculata,Onespot Demoiselle
cirrhilabrus_exquisitus,Cirrhilabrus exquisitus,Exquisite Wrasse
cirrhitichthys_oxycephalus,Cirrhitichthys oxycephalus,Pixy Hawkfish
cirrhitus_pinnulatus,Cirrhitus pinnulatus,Stocky Hawkfish
congrogadus_subducens,Congrogadus subducens,Carpet Eel Blenny
coris_cuvieri,Coris cuvieri,African Coris
coris_formosa,Coris formosa,Queen Coris
coryphaena_hippurus,Coryphaena hippurus,Common Dolphinfish
corythoichthys_flavofasciatus,Corythoichthys flavofasciatus,Network Pipefish
corythoichthys_haematopterus,Corythoichthys haematopterus,Reeftop Pipefish
cryptocentrus_maudae,Cryptocentrus maudae,Maude's Shrimpgoby
ctenochaetus_striatus,Ctenochaetus striatus,Lined Bristletooth
cyclichthys_orbicularis,Cyclichthys orbicularis,Shortspine Porcupinefish
cyprinocirrhites_polyactis,Cyprinocirrhites polyactis,Lyretail Hawkfish
dactyloptena_orientalis,Dactyloptena orientalis,Oriental Flying Gurnard
dagetichthys_commersonnii,Dagetichthys commersonnii,Commerson's Sole
dascyllus_abudafur,Dascyllus abudafur,Indian Ocean Humbug
dascyllus_carneus,Dascyllus carneus,Indian Dascyllus
dascyllus_trimaculatus,Dascyllus trimaculatus,Three-spot Dascyllus
datnioides,Datnioides,Unknown
dendrochirus_zebra,Dendrochirus zebra,Zebra Lionfish
deveximentum,Deveximentum,Pugnose Ponyfishes
diagramma_pictum,Diagramma pictum,Painted Sweetlips
dichotomyctere_fluviatilis,Dichotomyctere fluviatilis,Ceylon Green Puffer
diodon,Diodon,Unknown
diodon_holocanthus,Diodon holocanthus,Longspined Porcupinefish
diodon_hystrix,Diodon hystrix,Spotted Porcupinefish
diodon_liturosus,Diodon liturosus,Blackblotched Porcupinefish
diploprion_bifasciatus,Diploprion bifasciatus,Barred Soapfish
drepane_punctata,Drepane punctata,Spotted Sicklefish
echeneis_naucrates,Echeneis naucrates,Sharksucker
echidna_nebulosa,Echidna nebulosa,Snowflake Moray
ecsenius_lineatus,Ecsenius lineatus,Lined Combtooth Blenny
ecsenius_minutus,Ecsenius minutus,Little Combtooth Blenny
elagatis_bipinnulata,Elagatis bipinnulata,Rainbow Runner
eleotris_fusca,Eleotris fusca,Brown Spine-cheek Gudgeon
eleutheronema_tetradactylum,Eleutheronema tetradactylum,Fourfinger Threadfin
ellochelon_vaigiensis,Ellochelon vaigiensis,Squaretail Mullet
entomacrodus_striatus,Entomacrodus striatus,Blackspotted Rockskipper
entomacrodus_vermiculatus,Entomacrodus vermiculatus,Vermiculated Rockskipper
epibulus_insidiator,Epibulus insidiator,Slingjaw Wrasse
epinephelus_areolatus,Epinephelus areolatus,Areolate Grouper
epinephelus_bleekeri,Epinephelus bleekeri,Duskytail Grouper
epinephelus_coeruleopunctatus,Epinephelus coeruleopunctatus,Whitespotted Grouper
epinephelus_coioides,Epinephelus coioides,Goldspotted Rockcod
epinephelus_erythrurus,Epinephelus erythrurus,Cloudy Grouper
epinephelus_fasciatus,Epinephelus fasciatus,Blacktip Grouper
epinephelus_flavocaeruleus,Epinephelus flavocaeruleus,Blue-and-yellow Grouper
epinephelus_lanceolatus,Epinephelus lanceolatus,Giant Grouper
epinephelus_longispinis,Epinephelus longispinis,Longspine Grouper
epinephelus_macrospilos,Epinephelus macrospilos,Snubnose Grouper
epinephelus_malabaricus,Epinephelus malabaricus,Malabar Grouper
epinephelus_merra,Epinephelus merra,Honeycomb Grouper
epinephelus_polyphekadion,Epinephelus polyphekadion,Camouflage Grouper
epinephelus_spilotoceps,Epinephelus spilotoceps,Foursaddle Grouper
eurypegasus_draconis,Eurypegasus draconis,Dragon Seamoth
euthynnus_affinis,Euthynnus affinis,Mackerel Tuna
eviota_sebreei,Eviota sebreei,Striped Eviota
eviota_teresae,Eviota teresae,Terry's Pygmygoby
favonigobius_reichei,Favonigobius reichei,Indopacific Tropical Sand Goby
fistularia_commersonii,Fistularia commersonii,Blue-spotted Cornetfish
forcipiger_flavissimus,Forcipiger flavissimus,Forceps Butterflyfish
forcipiger_longirostris,Forcipiger longirostris,Longnose Butterflyfish
gazza_minuta,Gazza minuta,Toothed Ponyfish
gerres_filamentosus,Gerres filamentosus,Threadfin Silverbiddy
gerres_subfasciatus,Gerres subfasciatus,Common Silverbiddy
glossogobius_giuris,Glossogobius giuris,Tank Goby
gnathanodon_speciosus,Gnathanodon speciosus,Golden Trevally
gnathodentex_aureolineatus,Gnathodentex aureolineatus,Striped Large-eye Bream
gobiodon_citrinus,Gobiodon citrinus,Lemon Coralgoby
gomphosus_caeruleus,Gomphosus caeruleus,Green Bird Wrasse
grammistes_sexlineatus,Grammistes sexlineatus,Lined Soapfish
gymnomuraena_zebra,Gymnomuraena zebra,Zebra Moray
gymnosarda_unicolor,Gymnosarda unicolor,Dogtooth Tuna
gymnothorax_breedeni,Gymnothorax breedeni,Masked Moray
gymnothorax_favagineus,Gymnothorax favagineus,Laced Moray
gymnothorax_flavimarginatus,Gymnothorax flavimarginatus,Yellowmargin Moray
gymnothorax_javanicus,Gymnothorax javanicus,Giant Moray
gymnothorax_meleagris,Gymnothorax meleagris,Whitemouth Moray
gymnothorax_pictus,Gymnothorax pictus,Peppered Moray
gymnothorax_pseudothyrsoideus,Gymnothorax pseudothyrsoideus,Highfin Moray
gymnothorax_thyrsoideus,Gymnothorax thyrsoideus,White-eyed Moray
gymnothorax_undulatus,Gymnothorax undulatus,Undulated Moray
halichoeres_hortulanus,Halichoeres hortulanus,Checkerboard Wrasse
halichoeres_nebulosus,Halichoeres nebulosus,Cloud Wrasse
halichoeres_nigrescens,Halichoeres nigrescens,Bubblefin Wrasse
halichoeres_scapularis,Halichoeres scapularis,Zigzag Wrasse
harpadon_nehereus,Harpadon nehereus,Bombay Duck
helotes_sexlineatus,Helotes sexlineatus,six-lined grunter
hemigobius_hoevenii,Hemigobius hoevenii,Banded Mulletgoby
hemigymnus_fasciatus,Hemigymnus fasciatus,Barred Thicklip
hemigymnus_melapterus,Hemigymnus melapterus,Blackeye Thicklip
hemiramphus_far,Hemiramphus far,Black-barred Halfbeak
hemitaurichthys_zoster,Hemitaurichthys zoster,Black Pyramid Butterflyfish
heniochus_acuminatus,Heniochus acuminatus,Longfin Bannerfish
heniochus_diphreutes,Heniochus diphreutes,Schooling Bannerfish
heniochus_monoceros,Heniochus monoceros,Masked Bannerfish
heniochus_pleurotaenia,Heniochus pleurotaenia,Phantom Bannerfish
heniochus_singularius,Heniochus singularius,Singular Bannerfish
hippocampus_kuda,Hippocampus kuda,Common Seahorse
hippocampus_mohnikei,Hippocampus mohnikei,Japanese Seahorse
hippocampus_trimaculatus,Hippocampus trimaculatus,Three-spot Seahorse
hipposcarus_harid,Hipposcarus harid,Indian Longnose Parrotfish
hologymnosus_annulatus,Hologymnosus annulatus,Ringed Slender Wrasse
hologymnosus_doliatus,Hologymnosus doliatus,Pastel Ring Wrasse
istiblennius_dussumieri,Istiblennius dussumieri,Dussumier's Rockskipper
istiblennius_edentulus,Istiblennius edentulus,Rippled Rockskipper
istiblennius_lineatus,Istiblennius lineatus,Lined Rockskipper
istigobius_ornatus,Istigobius ornatus,Ornate Sandgoby
istiompax_indica,Istiompax indica,Black Marlin
istiophorus_platypterus,Istiophorus platypterus,Sailfish
kajikia_audax,Kajikia audax,Striped Marlin
karalla_daura,Karalla daura,Goldstripe Ponyfish
katsuwonus_pelamis,Katsuwonus pelamis,Skipjack Tuna
koumansetta_hectori,Koumansetta hectori,Yellowstripe Goby
kyphosus_bigibbus,Kyphosus bigibbus,Grey Drummer
kyphosus_cinerascens,Kyphosus cinerascens,Highfin Chub
kyphosus_vaigiensis,Kyphosus vaigiensis,Brassy Drummer
labroides_bicolor,Labroides bicolor,Bicolor Cleaner Wrasse
labroides_dimidiatus,Labroides dimidiatus,Bluestreak Cleaner Wrasse
lactarius_lactarius,Lactarius lactarius,False Trevally
lactoria_cornuta,Lactoria cornuta,Longhorn Cowfish
lagocephalus_laevigatus,Lagocephalus laevigatus,Smooth Puffer
lagocephalus_lunaris,Lagocephalus lunaris,Rough Golden Puffer
leiognathus_equula,Leiognathus equula,Common Ponyfish
lethrinus_erythracanthus,Lethrinus erythracanthus,Orangespotted Emperor
lethrinus_lentjan,Lethrinus lentjan,Redspot Emperor
lethrinus_microdon,Lethrinus microdon,Smalltooth Emperor
lethrinus_nebulosus,Lethrinus nebulosus,Spangled Emperor
lethrinus_obsoletus,Lethrinus obsoletus,Orangestriped Emperor
lethrinus_olivaceus,Lethrinus olivaceus,Longnose Emperor
lethrinus_ornatus,Lethrinus ornatus,Ornate Emperor
lethrinus_xanthochilus,Lethrinus xanthochilus,Yellowlip Emperor
lobotes_surinamensis,Lobotes surinamensis,Atlantic Tripletail
lutjanus_argentimaculatus,Lutjanus argentimaculatus,Mangrove Red Snapper
lutjanus_bohar,Lutjanus bohar,Two-spot Red Snapper
lutjanus_fulviflamma,Lutjanus fulviflamma,Blackspot Snapper
lutjanus_fulvus,Lutjanus fulvus,Blacktail Snapper
lutjanus_gibbus,Lutjanus gibbus,Humpback Snapper
lutjanus_indicus,Lutjanus indicus,Indian Snapper
lutjanus_johnii,Lutjanus johnii,Golden Snapper
lutjanus_kasmira,Lutjanus kasmira,Bluestriped Snapper
lutjanus_lemniscatus,Lutjanus lemniscatus,Darktail Snapper
lutjanus_lutjanus,Lutjanus lutjanus,Bigeye Snapper
lutjanus_monostigma,Lutjanus monostigma,Onespot Snapper
lutjanus_quinquelineatus,Lutjanus quinquelineatus,Fiveline Snapper
lutjanus_rivulatus,Lutjanus rivulatus,Speckled Snapper
macolor_niger,Macolor niger,Black-and-white Snapper
macropharyngodon_ornatus,Macropharyngodon ornatus,Ornate Leopard Wrasse
makaira_nigricans,Makaira nigricans,Blue Marlin
megalaspis_cordyla,Megalaspis cordyla,Torpedo Scad
megalops_cyprinoides,Megalops cyprinoides,Indo-Pacific Tarpon
meiacanthus_smithi,Meiacanthus smithi,Smith's Fangblenny
melichthys_indicus,Melichthys indicus,Black-finned Triggerfish
mene_maculata,Mene maculata,Razor Moonfish
mola_alexandrini,Mola alexandrini,Bump-head Mola
monodactylus_argenteus,Monodactylus argenteus,Diamondfish
monotaxis_grandoculis,Monotaxis grandoculis,Humpnose Bigeye Bream
monotaxis_heterodon,Monotaxis heterodon,Redfin Bream
mugil_cephalus,Mugil cephalus,Sea Mullet
mugil_curema,Mugil curema,White Mullet
mugilogobius_tigrinus,Mugilogobius tigrinus,Tiger Dwarf Goby
mulloidichthys_flavolineatus,Mulloidichthys flavolineatus,Yellowstripe Goatfish
mulloidichthys_vanicolensis,Mulloidichthys vanicolensis,Yellowfin Goatfish
muraenesox_bagio,Muraenesox bagio,Common Pike-conger
myrichthys_colubrinus,Myrichthys colubrinus,Harlequin Snake Eel
myrichthys_maculosus,Myrichthys maculosus,Tiger Snake Eel
myripristis_adusta,Myripristis adusta,Shadowfin Soldierfish
myripristis_murdjan,Myripristis murdjan,Crimson Soldierfish
myripristis_violacea,Myripristis violacea,Violet Soldierfish
naso_annulatus,Naso annulatus,Whitemargin Unicornfish
naso_brachycentron,Naso brachycentron,Humpback Unicornfish
naso_brevirostris,Naso brevirostris,Paletail Unicornfish
naso_elegans,Naso elegans,Elegant Unicornfish
naso_hexacanthus,Naso hexacanthus,Sleek Unicornfish
naso_lopezi,Naso lopezi,Slender Unicornfish
naso_tonganus,Naso tonganus,Humpnose Unicornfish
naso_unicornis,Naso unicornis,Bluespine Unicornfish
naso_vlamingii,Naso vlamingii,Bignose Unicornfish
nemanthias_dispar,Nemanthias dispar,Redfin Anthias
nemateleotris_magnifica,Nemateleotris magnifica,Fire Dartfish
nemipterus_japonicus,Nemipterus japonicus,Japanese Threadfin Bream
neoniphon_argenteus,Neoniphon argenteus,Silver Squirrelfish
neoniphon_sammara,Neoniphon sammara,Spotfin Squirrelfish
neopomacentrus_cyanomos,Neopomacentrus cyanomos,Regal Demoiselle
novaculichthys_taeniourus,Novaculichthys taeniourus,Rockmover Wrasse
nuchequula_nuchalis,Nuchequula nuchalis,Spotnape Ponyfish
odonus_niger,Odonus niger,Redtooth Triggerfish
omobranchus_punctatus,Omobranchus punctatus,Muzzled Blenny
oryzias_dancena,Oryzias dancena,Indian Ricefish
osphronemus_goramy,Osphronemus goramy,Giant Gourami
ostorhinchus_cookii,Ostorhinchus cookii,Cook's Cardinalfish
ostorhinchus_fleurieu,Ostorhinchus fleurieu,Bullseye Cardinalfish
ostracion_cubicum,Ostracion cubicum,Yellow Boxfish
ostracion_meleagris,Ostracion meleagris,Spotted Boxfish
ostracion_rhinorhynchos,Ostracion rhinorhynchos,Horn-nose Boxfish
otolithes_ruber,Otolithes ruber,Tigertooth Croaker
oxycirrhites_typus,Oxycirrhites typus,Longnose Hawkfish
oxymonacanthus_longirostris,Oxymonacanthus longirostris,Longnose Filefish
pampus_chinensis,Pampus chinensis,Chinese Silver Pomfret
pangasianodon_hypophthalmus,Pangasianodon hypophthalmus,Iridescent Shark
pangasius_pangasius,Pangasius pangasius,Pangas catfish
paracirrhites_arcatus,Paracirrhites arcatus,Arc-eye Hawkfish
paracirrhites_forsteri,Paracirrhites forsteri,Freckled Hawkfish
parapercis_hexophtalma,Parapercis hexophtalma,Spotted Sandperch
parastromateus_niger,Parastromateus niger,Black Pomfret
parupeneus_barberinus,Parupeneus barberinus,Dot-and-dash Goatfish
parupeneus_cyclostomus,Parupeneus cyclostomus,Goldsaddle Goatfish
parupeneus_indicus,Parupeneus indicus,Yellowspot Goatfish
parupeneus_macronemus,Parupeneus macronemus,Longbarbel Goatfish
parupeneus_trifasciatus,Parupeneus trifasciatus,Indian Doublebar Goatfish
periophthalmodon_schlosseri,Periophthalmodon schlosseri,Giant Mudskipper
periophthalmodon_septemradiatus,Periophthalmodon septemradiatus,Asian Dwarf Mudskipper
periophthalmus_argentilineatus,Periophthalmus argentilineatus,Barred Mudskipper
periophthalmus_chrysospilos,Periophthalmus chrysospilos,Gold-spotted Mudskipper
periophthalmus_variabilis,Periophthalmus variabilis,Dusky-gilled Mudskipper
periophthalmus_walailakae,Periophthalmus walailakae,Yellow-spotted Mudskipper
petroscirtes_mitratus,Petroscirtes mitratus,Crested Sabretooth Blenny
pisodonophis_boro,Pisodonophis boro,Rice-paddy Eel
plagiotremus_rhinorhynchos,Plagiotremus rhinorhynchos,Bluestriped Fangblenny
plagiotremus_tapeinosoma,Plagiotremus tapeinosoma,Piano Fangblenny
platax,Platax,Spadefishes
platax_orbicularis,Platax orbicularis,Round Batfish
platax_pinnatus,Platax pinnatus,Dusky Batfish
platax_teira,Platax teira,Longfin Batfish
platycaranx_chrysophrys,Platycaranx chrysophrys,Longnose Trevally
platycephalus_indicus,Platycephalus indicus,Bartail Flathead
plectorhinchus_chaetodonoides,Plectorhinchus chaetodonoides,Harlequin Sweetlips
plectorhinchus_gibbosus,Plectorhinchus gibbosus,Blubberlip
plectorhinchus_vittatus,Plectorhinchus vittatus,Oriental Sweetlips
plectroglyphidodon_dickii,Plectroglyphidodon dickii,Blackbar Damselfish
plectropomus_areolatus,Plectropomus areolatus,Squaretail Coralgrouper
plectropomus_laevis,Plectropomus laevis,Blacksaddle Coralgrouper
plotosus_canius,Plotosus canius,Eel Catfish
plotosus_lineatus,Plotosus lineatus,Striped Eel Catfish
pomacanthus_annularis,Pomacanthus annularis,Bluering Angelfish
pomacanthus_imperator,Pomacanthus imperator,Emperor Angelfish
pomacanthus_maculosus,Pomacanthus maculosus,Halfmoon Angelfish
pomacanthus_semicirculatus,Pomacanthus semicirculatus,Semicircle Angelfish
pomacentrus_pavo,Pomacentrus pavo,Peacock Damsel
pomacentrus_tripunctatus,Pomacentrus tripunctatus,Threespot Damsel
pomadasys_kaakan,Pomadasys kaakan,Barred Javelin
priacanthus_hamrur,Priacanthus hamrur,Crescent-tail Bigeye
psammogobius_biocellatus,Psammogobius biocellatus,Sleepy Goby
psettodes_erumei,Psettodes erumei,Indian Halibut
pseudanthias_squamipinnis,Pseudanthias squamipinnis,Lyretail Anthias
pseudapocryptes_elongatus,Pseudapocryptes elongatus,Elongate Mudskipper
pseudobalistes_flavimarginatus,Pseudobalistes flavimarginatus,Yellowmargin Triggerfish
pseudobalistes_fuscus,Pseudobalistes fuscus,Blue Triggerfish
pseudogobius,Pseudogobius,Snubnose Gobies
pseudosphromenus_cupanus,Pseudosphromenus cupanus,Spiketail Gourami
ptereleotris_evides,Ptereleotris evides,Twotone Dartfish
ptereleotris_heteroptera,Ptereleotris heteroptera,Spottail Dartfish
ptereleotris_microlepis,Ptereleotris microlepis,Pearly Dartfish
pterocaesio_chrysozona,Pterocaesio chrysozona,Yellowband Fusilier
pterocaesio_tile,Pterocaesio tile,Neon Fusilier
pterois_miles,Pterois miles,Indian Lionfish
pterois_russelii,Pterois russelii,Plaintail Lionfish
pteropterus_antennatus,Pteropterus antennatus,Spotfin Lionfish
pteropterus_mombasae,Pteropterus mombasae,African Lionfish
pteropterus_radiatus,Pteropterus radiatus,Clearfin Lionfish
pterygoplichthys,Pterygoplichthys,Sailfin Catfishes
pycnochromis_fieldi,Pycnochromis fieldi,Indian Half-and-half Chromis
pygoplites_diacanthus,Pygoplites diacanthus,Regal Angelfish
rachycentron_canadum,Rachycentron canadum,Cobia
rastrelliger_kanagurta,Rastrelliger kanagurta,Longjaw Mackerel
remora_remora,Remora remora,Common Remora
rhabdosargus_sarba,Rhabdosargus sarba,Tarwhine
rhinecanthus_aculeatus,Rhinecanthus aculeatus,Lagoon Triggerfish
rhinecanthus_rectangulus,Rhinecanthus rectangulus,Wedgetail Triggerfish
salarias_fasciatus,Salarias fasciatus,Jewelled Blenny
salariinae,Salariinae,Unknown
sargocentron_caudimaculatum,Sargocentron caudimaculatum,Tailspot Squirrelfish
sargocentron_rubrum,Sargocentron rubrum,Red Squirrelfish
saurida_undosquamis,Saurida undosquamis,Large-scaled Grinner
scartelaos_histophorus,Scartelaos histophorus,Bearded Mudskipper
scarus_frenatus,Scarus frenatus,Sixband Parrotfish
scarus_ghobban,Scarus ghobban,Blue-barred Parrotfish
scarus_niger,Scarus niger,Swarthy Parrotfish
scarus_prasiognathos,Scarus prasiognathos,Greencheek Parrotfish
scarus_psittacus,Scarus psittacus,Palenose Parrotfish
scarus_rubroviolaceus,Scarus rubroviolaceus,Redlip Parrotfish
scarus_scaber,Scarus scaber,Five-saddle Parrotfish
scarus_tricolor,Scarus tricolor,Tricolour Parrotfish
scatophagus_argus,Scatophagus argus,Spotted Scat
scolopsis_bilineata,Scolopsis bilineata,Bridled Monocle Bream
scolopsis_vosmeri,Scolopsis vosmeri,Whitecheek Monocle Bream
scomberoides_commersonnianus,Scomberoides commersonnianus,Giant Queenfish
scomberoides_lysan,Scomberoides lysan,Lesser Queenfish
scomberoides_tol,Scomberoides tol,Needleskin Queenfish
scomberomorus_commerson,Scomberomorus commerson,Narrow-banded Spanish Mackerel
scorpaenopsis_diabolus,Scorpaenopsis diabolus,Devil Scorpionfish
scyris_indica,Scyris indica,Diamond Trevally
sebastapistes_cyanostigma,Sebastapistes cyanostigma,Yellowspotted Scorpionfish
selar_crumenophthalmus,Selar crumenophthalmus,Bigeye Scad
selaroides_leptolepis,Selaroides leptolepis,Yellowstripe Scad
siganus_canaliculatus,Siganus canaliculatus,White-spotted Rabbitfish
siganus_javus,Siganus javus,Java Rabbitfish
siganus_spinus,Siganus spinus,Scribbled Rabbitfish
siganus_vermiculatus,Siganus vermiculatus,Maze Rabbitfish
sillago_sihama,Sillago sihama,Northern Whiting
soleichthys_heterorhinos,Soleichthys heterorhinos,Tiger Sole
solenostomus_cyanopterus,Solenostomus cyanopterus,Robust Ghostpipefish
sphyraena_barracuda,Sphyraena barracuda,Great Barracuda
sphyraena_jello,Sphyraena jello,Pickhandle Barracuda
sphyraena_obtusata,Sphyraena obtusata,Striped Barracuda
sphyraena_putnamae,Sphyraena putnamae,Military Barracuda
sphyraena_qenie,Sphyraena qenie,Blackfin Barracuda
stegastes_lacrymatus,Stegastes lacrymatus,Jewel Damsel
stegastes_nigricans,Stegastes nigricans,Dusky Gregory
stegastes_punctatus,Stegastes punctatus,Bluntsnout Gregory
stephanolepis_hispida,Stephanolepis hispida,Planehead Filefish
stethojulis_albovittata,Stethojulis albovittata,Whiteline Wrasse
stethojulis_interrupta,Stethojulis interrupta,Cutribbon Wrasse
stethojulis_strigiventer,Stethojulis strigiventer,Three-line Wrasse
stigmatogobius_sadanundio,Stigmatogobius sadanundio,Grey Knight Goby
strongylura_leiurus,Strongylura leiurus,Hornpike Longtom
strongylura_strongylura,Strongylura strongylura,Blackspot Longtom
strophidon_sathete,Strophidon sathete,Gangetic Moray
sufflamen_bursa,Sufflamen bursa,Lei Triggerfish
sufflamen_chrysopterum,Sufflamen chrysopterum,Flagtail Triggerfish
sufflamen_fraenatum,Sufflamen fraenatum,Bridled Triggerfish
synanceia_verrucosa,Synanceia verrucosa,Reef Stonefish
syngnathoides_biaculeatus,Syngnathoides biaculeatus,Double-end Pipehorse
synodus_dermatogenys,Synodus dermatogenys,Bluestripe Lizardfish
synodus_variegatus,Synodus variegatus,Variegated Lizardfish
taenianotus_triacanthus,Taenianotus triacanthus,Leaf Scorpionfish
takifugu_oblongus,Takifugu oblongus,Oblong Blowfish
terapon_jarbua,Terapon jarbua,Crescent Grunter
terapon_puta,Terapon puta,Spinycheek Grunter
terapon_theraps,Terapon theraps,Largescale Grunter
tetrosomus_gibbosus,Tetrosomus gibbosus,Humpback Turretfish
thalassoma_amblycephalum,Thalassoma amblycephalum,Blue-headed Wrasse
thalassoma_hardwicke,Thalassoma hardwicke,Sixbar Wrasse
thalassoma_jansenii,Thalassoma jansenii,Jansen's Wrasse
thalassoma_lunare,Thalassoma lunare,Moon Wrasse
thunnus_albacares,Thunnus albacares,Yellowfin Tuna
thunnus_tonggol,Thunnus tonggol,Longtail Tuna
toxotes_chatareus,Toxotes chatareus,Spotted Archerfish
toxotes_jaculatrix,Toxotes jaculatrix,Banded Archerfish
trachinocephalus_trachinus,Trachinocephalus trachinus,Painted Grinner
trachinotus_baillonii,Trachinotus baillonii,Smallspotted Dart
trachinotus_blochii,Trachinotus blochii,Snubnose Dart
trachurus_novaezelandiae,Trachurus novaezelandiae,Yellowtail Scad
trachyrhamphus_bicoarctatus,Trachyrhamphus bicoarctatus,Bentstick Pipefish
triacanthus_biaculeatus,Triacanthus biaculeatus,Shortnose Tripodfish
trichiurus_lepturus,Trichiurus lepturus,Largehead Hairtail
trichogaster_fasciata,Trichogaster fasciata,Banded Gourami
trichopodus_trichopterus,Trichopodus trichopterus,Three Spot Gourami
trichopsis_vittata,Trichopsis vittata,Croaking Gourami
turrum_coeruleopinnatum,Turrum coeruleopinnatum,Coastal Trevally
turrum_fulvoguttatum,Turrum fulvoguttatum,Yellow Spotted Trevally
tylosurus_crocodilus,Tylosurus crocodilus,Houndfish
upeneus,Upeneus,Unknown
upeneus_tragula,Upeneus tragula,Freckled Goatfish
uraspis_uraspis,Uraspis uraspis,Whitemouth Trevally
valenciennea_puellaris,Valenciennea puellaris,Orange-dashed Goby
valenciennea_sexguttata,Valenciennea sexguttata,Sixspot Glidergoby
valenciennea_strigata,Valenciennea strigata,Bluestreak Goby
variola_louti,Variola louti,Yellow-edged Lyretail
verulux_cypselurus,Verulux cypselurus,Schooling Cardinalfish
xenentodon_cancila,Xenentodon cancila,Freshwater Garfish
xiphias_gladius,Xiphias gladius,Broadbill Swordfish
yarica_hyalosoma,Yarica hyalosoma,Mangrove Cardinalfish
yongeichthys_nebulosus,Yongeichthys nebulosus,Hairfin Goby
zanclus_cornutus,Zanclus cornutus,Moorish Idol
zebrasoma_desjardinii,Zebrasoma desjardinii,Indian Sailfin Tang
zebrasoma_scopas,Zebrasoma scopas,Brown Tang
zebrias,Zebrias,Unknown
zenarchopterus_buffonis,Zenarchopterus buffonis,Northern River Garfish
